,Passive suicidal ideation_max,Active suicidal ideation & suicidal planning_max,Lethal means for suicide_max,Direct self-injury_max,Suicide exposure_max,Other suicidal language_max,Hospitalization_max,Loneliness & isolation_max,Social withdrawal_max,Relationship issues_max,Relationships & kinship_max,Bullying_max,Sexual abuse & harassment_max,Physical abuse & violence_max,Aggression & irritability_max,Alcohol use_max,Other substance use_max,Impulsivity_max,Defeat & feeling like a failure_max,Burdensomeness_max,"Shame, self-disgust, & worthlessness_max",Guilt_max,Anxiety_max,Panic_max,Entrapment & desire to escape_max,Trauma & PTSD_max,Agitation_max,Rumination_max,Depressed mood_max,Anhedonia & uninterested_max,Emotional pain & psychache_max,Grief & bereavement_max,Existential meaninglessness & purposelessness_max,Emptiness_max,Hopelessness_max,Perfectionism_max,Fatigue & tired_max,Sleep issues_max,Psychosis & schizophrenia_max,Bipolar Disorder_max,Borderline Personality Disorder_max,Eating disorders_max,Physical health issues & disability_max,Incarceration_max,Poverty & homelessness_max,Gender & sexual identity_max,Discrimination_max,Finances & work stress_max,Barriers to treatment_max,Mental health treatment_max
0,0,0,0,0,0,0,0,2,1,0,1,0,0,0,1,2,0,0,0,0,0,0,2,0,0,2,0,0,0,0,0,0,0,0,1,0,0,0,0,0,1,0,0,0,0,0,0,4,0,0
1,0,0,2,0,0,0,0,0,0,0,0,0,1,2,0,0,0,0,0,0,0,0,0,0,0,1,0,0,0,0,0,0,0,0,0,0,0,0,0,0,0,0,0,0,0,0,0,0,0,0
2,1,0,0,0,0,1,0,1,0,0,3,0,0,1,2,1,0,0,0,0,1,0,3,1,2,2,0,1,2,0,0,2,0,0,0,3,0,1,0,0,0,1,0,0,0,0,0,2,0,3
3,0,0,0,0,0,0,0,0,0,0,0,0,0,1,0,0,0,0,0,0,0,0,1,1,0,1,0,0,0,0,0,0,0,0,0,0,0,0,0,0,0,0,0,0,0,0,0,0,0,0
4,0,0,0,0,0,0,0,0,0,0,0,0,0,0,0,0,0,0,0,0,0,0,1,0,0,1,0,0,0,0,0,0,0,0,0,0,0,0,0,0,0,0,0,0,0,0,0,0,0,0
5,0,0,1,0,0,0,0,0,0,0,1,0,0,2,0,0,0,0,2,0,1,0,6,4,1,0,1,0,0,0,0,0,1,0,1,0,1,0,0,0,0,0,0,0,0,0,1,0,0,0
6,1,0,0,0,0,0,0,1,0,2,0,0,0,0,0,0,0,0,0,0,0,0,2,1,0,1,0,0,0,0,0,0,0,0,0,0,0,0,0,0,1,0,0,0,0,0,0,0,0,0
7,0,0,0,0,0,0,0,0,0,0,0,0,0,0,5,0,0,0,0,0,0,1,0,0,0,0,0,0,3,0,0,0,0,0,0,0,1,0,0,0,0,0,0,0,0,0,0,7,0,0
8,0,0,0,0,0,0,0,0,0,0,5,0,0,0,0,0,0,0,0,0,0,1,2,0,0,1,0,0,2,0,1,0,0,0,0,0,0,0,0,0,0,0,0,0,0,0,0,0,0,0
9,0,0,0,0,0,0,0,0,0,0,0,0,0,0,1,0,0,0,0,0,1,0,7,3,0,3,5,1,1,0,0,0,0,0,0,0,2,3,0,0,0,0,1,0,0,0,0,2,0,0
10,0,0,0,0,0,0,0,0,0,0,0,0,0,1,2,0,0,1,0,0,0,0,3,0,0,1,2,0,0,0,0,0,0,0,0,2,0,0,0,0,2,0,0,0,0,0,0,0,0,0
11,0,0,0,1,0,0,0,0,0,1,2,0,0,2,1,0,1,0,0,0,0,0,0,0,0,3,0,0,0,0,0,0,0,0,0,0,0,0,0,0,7,0,0,0,0,0,0,1,0,2
12,0,2,2,1,1,3,0,3,0,15,45,1,1,3,10,4,5,0,3,0,3,1,7,4,1,0,2,0,9,1,4,5,0,0,1,0,6,7,0,7,14,1,0,0,1,16,1,12,0,6
13,0,0,0,0,0,0,0,0,0,0,0,0,0,3,1,0,0,0,0,0,3,2,0,0,0,1,0,0,0,0,2,0,0,0,0,0,0,0,0,0,2,0,1,0,0,0,0,0,0,0
14,0,0,0,0,0,0,0,0,0,0,3,0,0,0,0,1,0,0,0,0,0,0,0,0,0,0,0,0,0,0,0,0,0,0,0,0,0,0,0,0,0,0,0,0,0,0,0,1,0,0
15,0,0,0,0,0,0,0,0,0,0,0,0,0,0,1,0,0,1,0,0,0,0,0,0,0,0,0,0,0,0,0,0,0,0,0,0,0,0,0,2,13,0,6,0,0,0,0,0,0,10
16,0,0,0,0,0,0,0,0,0,0,1,0,0,1,1,0,1,0,1,0,0,0,1,1,0,1,0,0,1,0,0,0,0,0,0,1,0,0,0,0,3,0,0,0,0,0,0,1,0,0
17,0,0,0,0,0,0,0,0,0,0,0,0,0,1,0,0,0,0,0,0,0,0,0,0,0,0,0,0,0,0,0,0,0,0,0,0,0,0,0,0,0,0,0,0,0,0,0,0,0,0
18,0,0,0,0,0,0,0,0,0,1,1,0,0,0,0,0,0,0,0,0,1,0,0,0,0,0,0,0,2,0,0,0,0,0,0,1,0,0,0,0,0,0,1,0,0,1,0,1,0,0
19,0,0,0,0,0,0,0,0,0,0,0,0,0,0,0,0,0,0,0,0,0,0,0,0,0,0,0,0,0,0,0,0,0,0,0,0,0,0,0,1,3,0,0,0,0,0,0,0,0,0
20,0,1,0,0,2,3,0,0,0,0,0,0,0,0,0,0,0,0,0,0,0,0,0,0,0,2,0,0,0,0,0,0,0,0,0,0,0,0,0,0,0,0,0,0,0,0,0,0,0,0
21,0,1,0,0,0,0,0,0,0,1,0,0,0,0,0,0,0,0,0,0,0,0,1,0,0,1,0,0,5,0,0,0,0,0,0,0,0,0,0,5,0,0,0,0,0,0,0,0,0,0
22,0,0,0,0,0,0,0,1,0,0,0,0,0,0,0,0,0,0,0,0,0,0,0,0,0,0,0,0,1,0,0,0,0,0,0,0,1,1,0,1,0,0,0,0,0,0,0,2,0,0
23,0,0,0,0,0,0,0,0,0,0,0,0,0,0,0,0,2,0,0,0,0,0,4,1,0,3,1,0,2,0,0,0,0,0,0,0,0,0,0,2,0,0,7,0,0,0,0,0,0,10
24,1,2,1,4,0,2,0,0,0,0,1,0,0,0,1,0,0,0,2,1,1,0,4,3,0,0,0,0,0,0,0,1,0,0,0,2,0,0,0,0,2,3,0,0,0,0,0,0,0,0
25,0,0,0,0,0,0,0,1,0,1,4,0,0,4,0,0,3,0,0,0,0,1,0,0,0,0,0,0,0,0,1,0,0,0,0,0,0,0,0,0,0,0,0,0,0,0,0,0,0,0
26,0,0,0,0,0,0,0,0,0,0,0,0,0,0,0,0,0,0,0,0,0,0,0,0,0,0,0,0,0,0,0,0,0,0,0,0,0,0,0,0,0,0,0,0,0,0,0,0,0,0
27,0,0,0,0,0,0,0,0,0,3,3,0,2,2,1,0,0,0,2,0,1,1,0,0,1,1,0,0,1,0,0,0,0,0,0,1,2,1,0,0,0,1,1,0,0,0,0,0,0,0
28,0,0,0,0,0,0,0,0,0,0,1,0,0,0,0,0,2,0,0,0,0,0,0,1,0,0,0,0,0,0,4,0,0,0,0,0,0,0,0,0,0,0,2,0,0,0,0,0,0,1
29,1,0,0,0,0,2,0,2,0,1,0,0,1,0,0,3,1,4,0,1,0,0,0,1,0,1,0,0,2,0,0,1,0,2,0,0,4,1,0,0,0,0,0,0,0,0,0,0,0,1
30,0,1,0,0,0,1,0,1,0,0,0,0,0,0,0,0,0,0,0,0,0,2,0,0,1,0,0,0,3,0,1,1,0,0,1,0,0,0,0,0,0,0,0,0,0,0,0,0,0,0
31,0,0,0,0,0,0,0,0,0,0,1,0,0,0,0,0,0,0,0,0,0,0,1,0,0,0,0,0,0,0,0,0,0,0,1,0,1,0,0,0,0,0,0,0,0,0,0,0,0,0
32,0,4,0,0,1,2,0,1,0,0,1,0,0,0,1,0,1,0,0,0,0,0,2,0,0,1,0,0,2,1,0,1,0,1,0,0,0,0,0,1,0,1,0,0,0,0,0,0,0,1
33,0,1,0,0,2,3,0,1,0,0,1,0,0,0,1,0,1,0,0,0,0,1,4,3,0,0,0,0,0,0,2,1,2,1,0,1,0,0,0,0,0,0,2,0,0,0,0,0,0,0
34,0,0,0,0,0,0,0,0,0,0,2,0,0,0,0,0,0,0,0,0,0,0,0,0,0,0,0,0,0,0,0,0,0,0,0,0,0,0,0,0,0,0,0,0,0,0,0,0,0,0
35,3,1,2,0,1,3,0,0,0,0,3,0,0,1,0,0,1,0,1,0,1,0,2,0,0,1,0,0,1,0,1,2,0,0,0,0,1,0,0,0,0,0,1,0,0,0,0,1,0,0
36,0,0,0,0,0,0,1,1,0,2,3,0,0,0,0,0,0,0,0,0,0,1,5,1,1,2,0,0,2,0,8,1,0,0,0,1,0,0,1,1,0,1,4,0,2,0,0,7,0,3
37,0,0,0,0,0,0,0,0,0,0,0,0,0,0,0,0,0,0,0,0,0,0,0,0,0,0,0,0,0,0,0,0,0,0,0,0,0,0,0,0,0,0,0,0,0,0,0,0,0,0
38,0,0,1,0,0,0,0,0,0,0,2,0,0,0,0,0,3,0,0,0,0,0,2,0,0,0,0,0,1,0,0,1,0,1,0,0,0,0,0,0,0,0,0,0,0,0,0,1,0,1
39,0,0,0,0,0,0,0,0,0,0,0,0,0,0,0,0,0,0,0,0,1,0,0,0,0,0,0,0,0,0,0,0,0,0,0,0,0,0,0,0,0,0,0,0,0,0,0,0,0,0
40,1,1,1,0,1,1,0,0,0,0,1,0,0,1,0,0,0,0,0,0,0,0,0,0,0,0,0,0,1,0,0,2,0,0,0,0,0,0,0,0,0,1,0,0,0,1,0,0,0,0
41,0,0,0,0,0,0,0,0,0,0,0,0,0,0,0,0,1,0,0,0,0,0,0,0,0,0,0,0,0,0,0,0,0,0,0,0,0,0,0,0,0,0,0,0,0,0,0,0,0,0
